{
  "manifest_version": 3,
  "name": "LinkBeam",
  "description": "Linkbeam is a basic extension that assists you in your linkedin browsing experience.",
  "version": "0.0.2",
  "action": {
    "default_popup": "index.html",
    "default_icon": "./assets/app_logo.png"
  },
  "background": {
    "service_worker": "./assets/main_service_worker.js",
    "type": "module"
  },
  "permissions": [
    "tabs",
    "scripting",
    "storage",
    "notifications",
    "contextMenus"
  ],
  "icons": {
    "512": "./assets/app_logo.png"
  },
  "web_accessible_resources": [{
     "matches": ["https://*.linkedin.com/*"],
     "resources": [
                    "/assets/web_ui.js",
                    "/assets/elevator-tone.mp3",
                    "/assets/linkedin_icon.png",
                    "/assets/sleeping_icon.png",
                    "/assets/like_icon.png",
                    "/assets/app_logo.png",
                    "/assets/default.png",
                    "/CourierPrime-Regular.ttf"
      ]
  }],
  "host_permissions": ["https://*.linkedin.com/*"]
}
